序号,企业名称,社会信用代码,支持年份
1,北京中碳方舟科技有限公司,91110108MA7G3R987U,2024
2,北京精准医械科技有限公司,91110108MA017LDH5E,2024
3,北京三棱时代科技有限公司,91110105MA01LLJG1N,2024
4,北京联众至尚信息技术有限公司,91110228MA01M0PW9Y,2024
5,北京东用科技有限公司,91110105085519580M,2024
6,北京新科汇智科技发展有限公司,91110105MA01ULDA3G,2024
7,北京中旭远通信息技术有限公司,91110115099024685U,2024
8,北京智海蓝途科技有限公司,91620105MA72JKE41G,2024
9,北京华夏智邦科技有限公司,91110108318279320C,2024
10,北京幂学在线科技有限公司,91110108MA01BQ4395,2024
11,北京恒信凯博科技有限公司,911101125694880981,2024
12,北京博谦工程技术有限公司,911101068022223938,2024
13,北京良远生物医药研究有限公司,91110108MA04FU5P00,2024
14,北京中版链科技有限公司,91110114MA04EM7D8C,2024
15,中知数通（北京）信息技术有限公司,91110102MA04GDUE9B,2024
16,北京一和科讯技术有限公司,91110229MA01Y8HJ9G,2024
17,北京凌壹时代通信技术有限公司,911101085890947821,2024
18,北京加速进化科技有限公司,91110108MACN3TDP28,2024
19,北京宸言恒毅科技有限公司,91110114MA01ERQX33,2024
20,睿愈（北京）生物医药科技有限公司,91110114MABY7FY62T,2024
21,北京汉华飞天信安科技有限公司,91110229MA01UA7542,2024
22,北京增实科技有限公司,91110114MA00AT5C02,2024
23,北京维广合交通安全科技有限公司,91110108MA01UJNMXC,2024
24,北京中科起能科技有限公司,91110108MA7MDK9G3N,2024
25,北京铭企国际科技集团有限公司,91110114MA7F7HD27L,2024
26,北京茂煊科技有限公司,91110108MABQXRUN3T,2024
27,北京中企智造科技有限公司,91110102MA01MC1W9X,2024
28,未卜岁（北京）科技有限公司,91110119MACEC8G195,2024
29,中鹏未来有限公司,91110117MA7DU0K7X6,2024
30,北京菲诺维康生物科技有限公司,91110114MA7KYBXDX0,2024
31,北京银河欣源科技有限公司,91110108671749709M,2024
32,北京塔视智能科技有限公司,91110400MA7F4C198M,2024
33,北京吉贝克世纪信息技术有限公司,91350503MABXGND850,2024
34,北京奇迈永华生物科技有限公司,91110400MA7EKAD44B,2024
35,北京易米智控科技有限公司,91110111MA00D3Y297,2024
36,北京元数智能科技有限公司,91110112MABT8QHL8K,2024
37,北京量子显示科技有限公司,91110112MA01BX8X9K,2024
38,辰光安易（北京）科技有限公司,91110108MA01JX6T7C,2024
39,北京联校传奇信息科技有限公司,91110101585863476K,2024
40,北京锐域科技有限公司,91110400MAC5935X29,2024
41,北京壹科源生细胞技术有限公司,91110400MAC7HMGK3M,2024
42,北京莱仕博医疗科技有限公司,91110116MABWBD634X,2024
43,北京中科领虹科技有限公司,91110115MACMGU6A83,2024
44,乐恩（北京）医药技术有限公司,91110106693258265A,2024
45,北京开运平行空间技术有限公司,91110112MAC28GP66F,2024
46,主力能源（北京）有限公司,91110114MA01CP9928,2024
47,北京艺恩世纪数据科技股份有限公司,9111010568575164XF,2024
48,北京数享智慧科技有限公司,91110108MA01ETQA0P,2024
49,北京智驾出行科技有限公司,91110108MA009K334R,2024
50,北京稚川洪细胞生物科技有限公司,91110400MA04H2WP7Y,2024
51,北京法伴科技有限公司,91110101MAC4DUG23P,2024
52,北京涛思智能科技有限公司,91110105MA01Q13NX4,2024
53,北京柏斯顿自控工程技术有限公司,91110228MA01QJTU1F,2024
54,北京中科朗克科技有限公司,91110101MA7LT2DB5G,2024
55,北京睿脉医药科技有限公司,91110108MA7HRPPW1U,2024
56,贺网（北京）科技有限公司,91110114MA01PDU86N,2024
57,中科携行（北京）科技有限公司,91110116MA01PMY356,2024
58,拉贝姆（北京）科技有限公司,911103023179221772,2024
59,北京歌马科技有限公司,91110108MA01Q9GF9X,2024
60,达尔文诺高（北京）生物科技有限责任公司,91110115MAC2X9Y36F,2024
61,北京弘毅铁信信息技术有限公司,91110107MA01H4F66W,2024
62,北京梦之墨科技有限公司,91110108097772962B,2024
63,北京芯通未来科技发展有限公司,91210231MA0XQ7WQ4T,2024
64,北京炎黄广智科技发展有限责任公司,91110105MA7KQYGR52,2024
65,沃森克里克（北京）生物科技有限公司,911103023355683008,2024
66,北京京创云超科技有限公司,91110106MAC8KQYX2B,2024
67,北京优测同信科技有限公司,91110108078509587F,2024
68,北京生数科技有限公司,91110108MACC4D63XF,2024
69,源能慧智（北京）数字科技股份有限公司,91110108MA020J8D85,2024
70,北京肌久健康科技有限公司,91110114MABXXUPP23,2024
71,北京涛涛密科技有限公司,91110117MA01WXG985,2024
72,北京金安创世科技有限公司,91110105MA7LEFYA4P,2024
73,北京晶安信达科技有限公司,91110112MA01T36L4P,2024
74,北京雅光谷信息系统有限公司,91110108584459447U,2024
75,北京聚肽生物科技有限公司,91110108MAC3QH3E3R,2024
76,北京企奥晨光科技有限公司,91110105754171762J,2024
77,北京极目智尚科技有限公司,91110119MABXC2JX9J,2024
78,北京沃森百欧生物科技研究院有限公司,91110108MA01AK832A,2024
79,志行千里（北京）科技有限公司,91110108MA01MXNG5X,2024
80,北京千捷科技有限公司,91110108MA01JU2U1M,2024
81,北京开放传神科技有限公司,91110112MACCHB8M3U,2024
82,银河水滴美育（北京）科技有限公司,91110108MA0214WY7P,2024
83,北京锦悦生物科技有限公司,91110108067323904B,2024
84,北京市辰至半导体科技有限公司,91110111MACDRL7G0T,2024
85,智人开源（北京）科技有限公司,91110108MA7GC9XK8X,2024
86,北科理化（北京）基因科技有限公司,91110108MA00FWFCX4,2024
87,北京慧驰科技有限公司,911101070514122596,2024
88,北京国信城研科学技术研究院,91110114693240129X,2024
89,北京安信卓越信息科技有限公司,91110108MA001YKJ82,2024
90,北京和尔泰新材料科技有限公司,91110105MABWACN854,2024
91,北京微白科技有限公司,91110108MA7MJP4J2W,2024
92,北京明识至善生物技术有限公司,91110400MAC4J0LMX7,2024
93,北京绿色康成生物技术有限公司,91110108MABT7JMT0U,2024
94,北京演能科技有限公司,91110114MA00D81Y4F,2024
95,北京长擎软件有限公司,91110105MAC9CD5Y8F,2024
96,北京蓝湛科技有限公司,91110108MA04BPNT2X,2024
97,北京星纵科技有限公司,91110108MABTQGMF1Q,2024
98,北京中能思拓科技有限公司,91110108MABNML5900,2024
99,北京中玑信拓科技有限公司,91110114MA7GAQMW1N,2024
100,寻济生物科技（北京）有限公司,91110108MA01N36BX4,2024
101,戴纳云图（北京）科技有限公司,91110400MABWYFP79W,2024
102,北京天吴铭智科技有限公司,91110105MA7K2KBY1L,2024
103,北京中科易微生物科技有限公司,91110106MABYFQLW6H,2024
104,北京千方创新科技有限公司,91110114MA01PLC59A,2024
105,北京木木森网络科技有限公司,91110114MA01HKMQ88,2024
106,京能远景领金智汇（北京）科技有限公司,91110105MA01TD6L1J,2024
107,北京邦宁智科生物技术有限公司,91110400MACG8TRWX8,2024
108,北京元晟合智科技有限公司,91110114MA7EWAAR9Y,2024
109,北京深谋科技有限公司,91110105MA7FDJCA4J,2024
110,北京中科鸿略科技有限公司,91110115MAC5C7BJ3F,2024
111,海徕科（北京）生物技术有限公司,91110113MA7MMY5N2P,2024
112,北京中科汇诚能源技术有限公司,91110108565803580A,2024
113,北京汇智云图信息技术有限公司,91110108067287712K,2024
114,北京微控工业网关技术有限公司,91110114327262627A,2024
115,北京国腾创新科技有限公司,91110108MA01KWJC36,2024
116,北京闻道睿知科技有限公司,91110108MA01Y78899,2024
117,北京世纪盈联科技股份有限公司,91110108600374014K,2024
118,北京铭泰佳信科技有限公司,91110101551370614Q,2024
119,北京风平智能科技有限公司,91110112MA04EQLD8Y,2024
120,四维世景科技（北京）有限公司,911101085891125653,2024
121,北京中海集成工程技术有限公司,91110106MA0052B0XT,2024
122,北京数字探索科技有限公司,91110105MA003JPJX7,2024
123,北京绿氮生物科技有限公司,91110114MABR1WGX62,2024
124,北碳优能（北京）科技有限公司,91110111MA7NK1ND5W,2024
125,北京数控科技有限公司,91110105MA04C7F6XX,2024
126,北京航天启星科技有限公司,91110108071732188A,2024
127,极简互联（北京）信息科技有限公司,91110105MABNQ8YC6Q,2024
128,原粒（北京）半导体技术有限公司,91110105MACERFG019,2024
129,北京畅图科技有限公司,91110105MA008Q5Y1Q,2024
130,北京昇广科技有限公司,91110106MAC8E4TY6T,2024
131,北京视知觉智能科技有限公司,91110114MACKP9MK1C,2024
132,生仝智能科技（北京）有限公司,91110302MA01FCP604,2024
133,北京翼华云网科技有限公司,91110400MABXTBWE3L,2024
134,北京达道至简科技有限公司,91110112MABPLRNT1W,2024
135,北京裕泰行新材料科技有限公司,91110108660514218E,2024
136,观薇智能科技（北京）有限公司,91110116317943250M,2024
137,北京聆视科技有限公司,91110107MABRBTTG68,2024
138,北京数普网络信息技术有限公司,91110108080492796R,2024
139,北京建恒新科科技有限责任公司,91110108MA7DHC7YX2,2024
140,益科思特（北京）医药科技发展有限公司,91110108MA0053G12Q,2024
141,北京弘图半导体有限公司,91110400MA7HN2GLXF,2024
142,北京华盛智数科技有限公司,91110108MA01FEKK9H,2024
143,北京半人科技有限公司,91110114MA0066H04N,2024
144,卓晟互联（北京）信息科技有限公司,91110105MA017EYY92,2024
145,北京睿视新界科技有限公司,91110114MA02M6654N,2024
146,北京华泰天宇科技有限公司,911103026995908082,2024
147,北京极客基因科技有限公司,91110108MA006KE03T,2024
148,北京英泰诺医疗科技有限公司,911101075977467444,2024
149,东方云语（北京）科技有限公司,91110304MA01FACK77,2024
150,北京麒羽通信科技有限公司,91110109MA01FWE574,2024
151,北京维智控科技有限公司,91110114MA01TGEU47,2024
152,北京睿意信数字科技有限公司,91110105MA0094QU8E,2024
153,瑞玛思特（北京）科技有限公司,91110105MA01H22GX9,2024
154,北京海韵晨耕文化传播有限公司,911101020573875412,2024
155,北京易达恩能科技有限公司,91110105MA017WQT6P,2024
156,北京智学客信息科技有限公司,91110108MA04E2838Q,2024
157,北京安于科技服务有限公司,91110108MABP6Y3JXE,2024
158,京科华安（北京）信息技术有限公司,91110112MAC6KUMF8J,2024
159,北京智达高山数据科技有限公司,91110108MABU2R8A13,2024
160,北京财实云创科技有限公司,91110105MABM8B0M0C,2024
161,北京锐银天成科技有限公司,91110108062822296R,2024
162,北京锐控自动化科技有限公司,91110106330400656N,2024
163,享刻智能技术（北京）有限公司,91110108MABNHWG505,2024
164,北京云道智创科技有限公司,91110119MA04ELP03B,2024
165,北京志健金瑞生物医药科技有限公司,91110302560437411Y,2024
166,北京极嗅科技有限公司,91110105MA01NTMG3Q,2024
167,北京未来数通科技有限公司,91110108MABR2MXN0H,2024
168,北京新云医疗科技有限公司,91110107MA00612C3J,2024
169,北京海蓝声学传感技术有限公司,91110108MA04GTUP2K,2024
170,北京阿迈特医疗器械有限公司,911101085732194130,2024
171,北京信升科技发展有限公司,91110106MA01FA867M,2024
172,北京默赛尔生物科技有限责任公司,91110400MA020N1P2X,2024
173,非象（北京）科技有限公司,91110112MA7HCPLX23,2024
174,北京星钥视科数字科技有限公司,91110106MA04BCE104,2024
175,澜杉（北京）生物科技有限公司,91110400MAC7U6YX1A,2024
176,北京甲基澄检测计量认证技术有限公司,91110114MABYABH86R,2024
177,绿源（北京）环保设备股份有限公司,911101135906091490,2024
178,北京友博药业有限责任公司,91110113764217517M,2024
179,北京朴津智能科技有限公司,91110114MABPL5YJX5,2024
180,北京数方科技有限公司,91110106MA04F33E4D,2024
181,北京睿微科技有限公司,91110112MA021BP62E,2024
182,北京星途智联科技有限公司,91110106MABM234YXC,2024
183,北京久在航空科技有限公司,91110108099317402G,2024
184,北京中科力信科技有限公司,91110108MA7DDX7U27,2024
185,北京羿弓力创科技有限公司,91110108344287201E,2024
186,北京海置科创科技服务有限公司,911101080924212746,2024
187,北京至宸教育科技有限公司,9111010830637614XB,2024
188,北京中创志远科技有限公司,91110106MABPJW6M96,2024
189,中科宜康（北京）生物科技有限公司,91110302MA00DUY65M,2024
190,鸿达科迅（北京）数据科技有限公司,91110106080515951Y,2024
191,北京红果源生物技术有限公司,91110107348329376P,2024
192,国合华夏城市规划研究院有限公司,91110102MA0193E63G,2024
193,北京众合顺兴科技有限公司,91110113MA01B1HJ40,2024
194,中创三优（北京）科技有限公司,91110106348375727P,2024
195,北京中泰邦医药科技有限公司,91110229MA01HWF62Y,2024
196,摩孚净化科技（北京）有限公司,91110106MA02025H5E,2024
197,际安科技（北京）有限公司,91110114MA01KMQ61Y,2024
198,北京深维智讯科技有限公司,91110108MA01RHMU72,2024
199,北京联创众升科技有限公司,911101080556131897,2024
200,维尔特科创技术服务（北京）有限公司,91110105MA00GDNF91,2024
201,北京科林蓝宇环境技术有限公司,91110105777080839F,2024
202,中珀（北京）新材料科技有限公司,91110105MA7MA3RF7N,2024
203,锐趣科技（北京）有限公司,91110302MA0201KW03,2024
204,优包（北京）科技有限公司,91110109MA01KLGD2D,2024
205,北京汇心健康科技有限公司,91110108MA04DM4D3E,2024
206,北京悦点科技有限公司,91110105MABPQHEM7X,2024
207,北京迅嘉数据技术有限公司,91110108MA01FE2M07,2024
208,中科汇生（北京）医药科技有限公司,91110400MA7L4FY917,2024
209,北京灵动速度科技有限公司,91110108MABNAYJB6H,2024
210,九章注（北京）科技有限公司,91110108MA01NGTYX7,2024
211,销生客（北京）数字科技有限公司,91110228MA01QD8B64,2024
212,北京麦思伟半导体科技有限公司,91110111MAC2P6RPX1,2024
213,北京合规科技有限公司,91110105MA0205CY71,2024
214,北京优指时代科技有限公司,91110111MA005KNPX3,2024
215,北京和瑞储能科技有限公司,91110114MA007FQ1XM,2024
216,国排高科（北京）信息技术有限公司,91110108MA01APF068,2024
217,北京巨源仁通医疗科技有限公司,91110115MA01U5P713,2024
218,北京中能聪聪科技有限公司,91110106MABNQL1A54,2024
219,京安古贝（北京）科技有限公司,91110106798542828G,2024
220,北京阿依瓦数智科技有限公司,91110108MA7N2QA65R,2024
221,北京未来式智能科技有限公司,91110108MACMEYTJ8Y,2024
222,北京衔微医疗科技有限公司,91110108MABR03HM8K,2024
223,骏蓦（北京）生物科技有限公司,91110400MA7EQHCR81,2024
224,北京中企顺达科技有限公司,91110113MA01MHHC0E,2024
225,北京霁云科技有限公司,91110106355246253Y,2024
226,龙眼国科（北京）智能信息技术有限公司,91110101MACX9HY51D,2024
227,北京眸星科技有限公司,91110109MA01LP3262,2024
228,北京测易生物科技有限公司,91110115MA01G5J85Y,2024
229,北京集简慧通互联科技有限公司,91110106MA04CP776C,2024
230,北京跨维数字科技有限公司,91110108MA7GK0F761,2024
231,中工科创文化传媒（北京）有限公司,91110101074174249A,2024
232,北京阿派朗创造力科技有限公司,91110108MA00CDKM56,2024
233,北京华元成硕信息技术有限公司,91110112575163337N,2024
234,北京坤煜量子科技有限责任公司,91110108MABLR6GB18,2024
235,怀川科技（北京）有限公司,91110108MAC60GPG8K,2024
236,北京宠之语科技有限公司,91110108MABYJ04FX7,2024
237,北京蔚时科技有限公司,91110108MABUE4B44C,2024
238,北京英赛虎信息技术有限责任公司,91110102MA01FXJN9L,2024
239,北京袋鼠管家科技有限公司,91110108MA7GCLNK7J,2024
240,北京靓诺运营科技有限责任公司,91110113MABWMC623L,2024
241,北京亮度光电科技有限公司,91110114MA04D6UE3B,2024
242,北京经纬物联科技有限公司,91110108MA007GMX95,2024
243,财行智造（北京）科技有限公司,91110302MA01X0JC79,2024
244,北京三诺佳邑生物技术有限责任公司,91110302739360717W,2024
245,北京氢羿能源科技有限公司,91110108MACYWH123N,2024
246,北京右脑科技有限公司,91110108MAC0QU5Q7C,2024
247,北京驰创达空气悬架有限公司,91110302742631928T,2024
248,北京长信万林科技有限公司,911101087601018083,2024
249,北京常欣医疗科技有限公司,91110114MABTCLPA77,2024
250,数创科联（北京）信息技术有限公司,91110107MA001XQLXU,2024
251,北京中烟创新科技有限公司,91110105MACHR1M71F,2024
252,联东人和（北京）科技有限公司,91110113MA01X0Q54E,2024
253,北京华夏自强科技有限公司,91110106MA01NRCC1J,2024
254,北京萌特博智能机器人科技有限公司,91110105MA04GGUR35,2024
255,北京宇康科技有限公司,91110105MA01U4X885,2024
256,北京智信佳科技有限公司,91110108678229087Y,2024
257,北京装美源网络科技有限公司,91110228MA01GLUK70,2024
258,北京今融道科技集团有限公司,91110108MA00623JXL,2024
259,北京天创万安科技装备有限公司,91110302097945683N,2024
260,北京天九共享数字科技集团有限公司,91110105335497258Y,2024
261,北京贝来药业有限公司,91110105MA01YDWR3R,2024
262,北京基骨智能科技有限公司,91110108MABUYP7M26,2024
263,北京康保互联科技有限公司,91110108MA01FFGE7C,2024
264,北京瑞普康医疗器械有限公司,91110400MA04E3961Y,2024
265,信德广源（北京）信息技术有限公司,91110105MA01RLG12M,2024
266,北京加禾智能科技有限公司,91110108MABPB2R82R,2024
267,北斗智谷（北京）安全技术有限公司,91110108MA01BT4Y0K,2024
268,北京迪特锐科技有限公司,911101080573609988,2024
269,尖峰科技（北京）有限公司,91110114MA04FK621Y,2024
270,动思创新（北京）科技发展有限公司,91110108MACW80B60F,2024
271,北京翊博生物集团有限公司,91110400MAC1M8GT05,2024
272,北京科博纳信息技术有限公司,91110101MA00CC4T83,2024
273,北京华堂立业科技有限公司,91110108681971979W,2024
274,北京夜问文化科技有限公司,91110105MA021A9Y7U,2024
275,北京玉研精密仪器有限公司,9111010609187196X8,2024
276,北京中电和讯科技有限公司,91110108306675449Y,2024
277,北京达奇月泉仿生科技有限公司,91110114MAC27YU611,2024
278,京易领航（北京）科技有限公司,91110108MABXDX0E24,2024
279,华康医促健康科技（北京）有限公司,91110105MA01XQ8T7D,2024
280,北京峰智睿联科技有限公司,91110108MAC2DU5Q8F,2024
281,和泽启元（北京）科技有限公司,91110108MACE63QB89,2024
282,北京中盈盘古智能技术有限公司,91110108339745706N,2024
283,恒青透平（北京）机械技术有限公司,91110228MA01PEG47W,2024
284,北京元晨华盛科技有限公司,91110108596028126B,2024
285,小哆智能科技（北京）有限公司,91110108MA00CJE89W,2024
286,北京嘉士腾医学检验实验室有限公司,91110114MABUEF7U19,2024
287,率氢技术（北京）股份有限公司,91110112053557945R,2024
288,北京六合启智科技有限公司,91110400MABT2DERXX,2024
289,北京和信融智科技有限责任公司,91110114MA7FQPQ84Y,2024
290,路网新通（北京）交通科技有限公司,91110105MA02M8TC3R,2024
291,北京恒利琦科技有限公司,91110111MA01RH5B3L,2024
292,北京优德数智科技有限公司,91110111MA04FWFT2K,2024
293,对数智投（北京）科技有限公司,91110108MA01AUEQ68,2024
294,试界教育科技（北京）有限公司,91110108MA00C2LQ4C,2024
295,北京慧能分享科技有限公司,91110108MA005QFM09,2024
296,悟通感控（北京）科技有限公司,91110108MACTKCEX6H,2024
297,中博（北京）通信有限公司,91110115MA01PCQM2X,2024
298,起深空源（北京）科技有限公司,91110115MAC1LQHM33,2024
299,北京启典财智科技有限公司,91110106MABQAF17X0,2024
300,北京尚善长远科技有限公司,91110108MABUFE151B,2024
301,北京元起点信息科技有限公司,91110108MAC2CMLD60,2024
302,北京芯溪半导体科技有限公司,91110108MABTTW869L,2024
303,北京易金信德科技有限公司,91110108339728332W,2024
304,北科蕴宏环保科技（北京）有限公司,91110107MA00CJB12G,2024
305,北京致远飞航科技有限公司,911101080971033478,2024
306,正则量子（北京）技术有限公司,91110108MABYXD8G5P,2024
307,认知光子（北京）激光科技有限公司,91110108MAC71MAUXL,2024
308,北京飞科微谷科技有限公司,91110112682879429H,2024
309,中科赛诺（北京）科技有限公司,91110107096274945F,2024
310,北京一九九柒数字科技有限公司,91110112MABMM7QNXB,2024
311,北京数字力场科技有限公司,91110108MA7K0MCG5J,2024
312,北京汇诚瑞祥医药生物科技有限公司,91110105777081217C,2024
313,北京讯歌科技发展有限公司,91110106MA01Y32A66,2024
314,北京红蜂机器人有限责任公司,91110115MAC4QYLK47,2024
315,北京清师科技有限公司,91110108MA01TJB913,2024
316,北京星箭传感器科技有限公司,91110113MA01GKPJ4T,2024
317,北京至诚益友科技有限公司,911101065657544917,2024
318,人卫（北京）医学科技发展有限公司,9111010533037147X1,2024
319,同方中科超光科技有限公司,91110108MA01WW5E6D,2024
320,北京航天中伟科技工程自动化有限公司,911101067526428236,2024
321,北京因联科技有限公司,91110105096654892K,2024
322,北京有元科技有限公司,91110108MA7NJWPN99,2024
323,数孪模型科技（北京）有限责任公司,91110108MA01WQ1K3M,2024
324,北京谷神生命健康科技有限公司,91110228MA01DQX347,2024
325,北京水木济衡生物技术有限公司,91110112MA01YAJD8J,2024
326,北京吉瑞普管道技术有限公司,91110302576933161A,2024
327,北京北控曙光大数据股份有限公司,91110302MA00GAU88C,2024
328,北京中科云集科技有限公司,91110106MA0025XW3U,2024
329,北京英盘数据存储科技有限公司,91110108MAC7RJ610D,2024
330,北京创塑科技有限公司,91110114MA01B5917M,2024
331,北京佑林新材料有限公司,91110117MA7L9QNQ8U,2024
332,北京思谨科技有限公司,91110114MA01K6EH15,2024
333,北京隆熙生物科技有限公司,91110108MA7EL4C12W,2024
334,清启动力（北京）科技有限公司,91110115MAC22C7D5Q,2024
335,未来智农（北京）科技有限公司,911101050628405748,2024
336,北京碳垣新材料科技有限公司,91110105MA001G1619,2024
337,北京隐算科技有限公司,91110109MABXP1BKXW,2024
338,北京睿智聚合能源科技有限公司,91110108MA01CYE72F,2024
339,北京中天兴华能源技术有限公司,911101143065685042,2024
340,忆备缩微科技（北京）有限公司,91110112MA01EE4M8C,2024
341,北京维略科技有限公司,91110111MA01GANRXU,2024
342,卫纳塞德（北京）医疗科技有限公司,91110302MA01Y91D0W,2024
343,北京极数云舟科技有限公司,91110115MA00BFMH7E,2024
344,中科启蒙（北京）科技有限公司,91110107MA01YD9J1D,2024
345,北京联博时代科技有限公司,91110105MA004TY986,2024
346,德为智慧医疗科技（北京）有限公司,91110400MABQYP9E6T,2024
347,北京白星花科技有限公司,91110116MA01W58235,2024
348,北京一标数字科技有限公司,91110108MA7EHTWH7F,2024
349,北京立镁医疗科技有限责任公司,91110102MA7G1P18XX,2024
350,北京小明智铁科技有限公司,91110106MA7NJU794D,2024
351,国拓化能环境科技（北京）有限公司,91110114MABP7GT49W,2024
352,华光影像科技有限公司,91110108MA01C627XH,2024
353,中科国纳康达（北京）生物科技有限公司,91110115MA01QBCKXU,2024
354,北京新升腾跃科技有限公司,91110109MABYHAE749,2024
355,湘世磊业（北京）能源科技有限公司,91110114MA006KRB6K,2024
356,北京荆跃科技有限公司,91110106MACGJAFY8H,2024
357,歌德顺静（中国）科技发展有限公司,91110101MA00985W11,2024
358,北京创忆智旅科技文化有限公司,91110107MA01TLJ71Q,2024
359,三夏（北京）科技有限公司,91110107MA009JFA5J,2024
360,北京领航智联物联网科技有限公司,91110116MA04EMPE0C,2024
361,德博睿宇航科技（北京）有限公司,91110112MA7NAK7Y2T,2024
362,北京有用科技有限公司,91110114MA01JT1668,2024
363,元潼（北京）技术有限公司,91110108MABLUN715A,2024
364,北京君全智药生物科技有限公司,91110108MA01U1C009,2024
365,北京知知丫丫科技有限公司,91110108MACLHKDP2W,2024
366,中恒达（北京）软件测评科技有限公司,91110105MA004J8P6P,2024
367,北京全息巨浪科技有限公司,91110106MA04BXXL2X,2024
368,京冀高科（北京）电气有限公司,91110108569549858C,2024
369,北京士昌鼎科技有限公司,91110105MA01NQWM8N,2024
370,北京宏珹芯科技有限公司,91110400MABME1G16J,2024
371,北京中诚佳汇科技有限公司,911101085858843490,2024
372,北京图乘科技有限公司,91110105MA01U7WW6K,2024
373,北京羽嘉科技有限责任公司,91110115MA01T3YJ6F,2024
374,北京北卓医疗科技发展有限责任公司,91110106MA04DGJ22E,2024
375,北京海精高创科技有限公司,91110114MA00FY7F90,2024
376,北京乐博云天科技有限公司,91110117MA04GYW20B,2024
377,北京中云智造网络科技有限公司,91110302MA00GDWE8X,2024
378,慧贸天下（北京）科技有限公司,9111010134846309XF,2024
379,北京东鑫森瀚科技有限公司,91110108089648101G,2024
380,北京黑镜科技有限公司,91110108MA01C23675,2024
381,启创未来（北京）科技有限公司,91110108MA004HGA95,2024
382,灵境数字（北京）科技有限公司,91110113MA7FFR818K,2024
383,北京乐易互娱科技有限公司,91110108MA7F0YQ44X,2024
384,通用技术集团健康数字科技（北京）有限公司,91110101MAC53DNYX7,2024
385,北京仁生泽发生物技术有限公司,91110109MACENJWX2N,2024
386,北京大成晟业科技有限公司,91110108693298304J,2024
387,北京巨欧科技有限公司,91110114MA7JHJNK13,2024
388,北京高速波软件有限公司,91110108339715857D,2024
389,北京云数智康医疗科技有限公司,91110115MABNW0MJ8N,2024
390,北京宇乐树科技有限公司,91110117MA01W9LF32,2024
391,北京恩利集科技有限公司,91110228MA01AN9R3K,2024
392,移动互联（北京）科技有限公司,91110108330341991W,2024
393,北京万千互连科技有限公司,91110114MA0187X27F,2024
394,元心信息科技集团有限公司,91110108399108477K,2024
395,北京蓝墨云数据科技有限公司,91110108MA7KQ27R0G,2024
396,北京谊安健康科技有限公司,91110115MA04H1NE7L,2024
397,中科微分科技发展（北京）有限公司,91110112MA01Q76A9A,2024
398,北京华夏新丝路科技发展有限公司,9111010835157759XY,2024
399,北京清湃科技有限公司,91110108MABU9MR642,2024
400,北京矩道优达网络科技有限公司,911101083065180992,2024
401,北京森铂医疗技术有限公司,91110115MA009AJY2P,2024
402,北京功夫源科技发展有限责任公司,91110113MA01NNQP60,2024
403,北京易正系统集成有限公司,91110108554898924Q,2024
404,北京龙讯旷腾科技有限公司,91110108339692704Y,2024
405,北京华企盾科技有限责任公司,91110112MABN53G05N,2024
406,北京唯创博精生物科技有限公司,91110111MA01D1APXD,2024
407,北京简易网安科技有限公司,91110115MA7FDEDT25,2024
408,北京录典世纪科技有限公司,91110302330342062L,2024
409,北京缔智元科技有限公司,91110108MAC4U4UG9J,2024
410,北京电投绿通科技有限公司,91110106MABQX06Q1X,2024
411,汇筑宏云（北京）数字科技有限公司,91110105MA01WYHP84,2024
412,北京联科威视科技有限公司,9111010869955425XG,2024
413,北京王牌互娱技术有限公司,91110108MA01N31F02,2024
414,北京彩漩科技有限公司,91110105MA7HRW4058,2024
415,北京北斗弘鹏科技有限公司,91110108MA01LRD760,2024
416,大恒星图（北京）激光技术有限公司,91110116MAC3MDRU4M,2024
417,云教（北京）科技有限公司,911101080717299077,2024
418,北京华圻生态科技有限公司,91110114MAC3BUM89M,2024
419,北京稳远科技有限公司,91110108MAC7JKXDX7,2024
420,北京芯高地生物科技有限公司,91110108MA7M6WLN10,2024
421,华宇蓝创科技（北京）有限公司,9111010866912315XU,2024
422,北京心云天地科技有限公司,91110108MA004RDC3D,2024
423,北京奇幻奇遇科技有限公司,91110105MA01CD7J9J,2024
424,北京充小兽科技有限公司,91110106MAC1F3P258,2024
425,赛赋（北京）检测技术服务有限公司,91110400MA04H02U1E,2024
426,北京元纬天浩科技发展有限公司,911101136757113290,2024
427,北京途灵微电子科技有限公司,91110108MA01C0WJ2H,2024
428,华尚天成（北京）文化传媒有限公司,911101130918714417,2024
429,中启能（北京）节能科技有限公司,91110400MA04EKTW8F,2024
430,北京星光微网能源科技有限公司,91110400MACHE11G06,2024
431,北京爱福客网络科技有限公司,91110106MACL4K469C,2024
432,北京有机数信息科技有限公司,91110108MA01TWLU24,2024
433,北京诺和恒光医药科技有限公司,91110400MA04EGKAXG,2024
434,北京聚合同力科技有限公司,91110105MA7KJWA45D,2024
435,夏能科技（北京）有限公司,91110112MA01NXMY1T,2024
436,北京瞳沐医疗科技有限公司,91110400MACAB7JH7F,2024
437,合十思维（北京）科技有限公司,91110117MACGCY0L3J,2024
438,北京天时宏图科技有限公司,91110115MA01955108,2024
439,中科搏锐（北京）科技有限公司,91110106MA00D5HG07,2024
440,预海科技（北京）有限公司,91110114MA01QEB404,2024
441,北京安诺明科技有限公司,91110108MA01J5MU0F,2024
442,北京聚阳智汇信息技术有限公司,91110111MA01QRG99M,2024
443,北京康晟百春生物科技有限公司,91110115MA7FC05Q3U,2024
444,北京信莱能源技术有限公司,91110112MA01GWNK2J,2024
445,北京豪能汇新能源科技有限公司,91110106MAC06LHE1Q,2024
446,北京信言博智网络科技有限公司,91110105067321861Q,2024
447,大数惠云（北京）技术服务有限公司,91110108MABTY7AQ4A,2024
448,北京清能芯研科技有限公司,91110114MABRL9X785,2024
449,北京龙邱科技有限公司,91110400MAC14HY396,2024
450,中财数碳（北京）科技有限公司,91110114MABRLC8U5Y,2024
451,北京卡法科技发展有限公司,9111010633025955XT,2024
452,小元感知（北京）科技有限公司,91110108061333079H,2024
453,北京奥康银华科技有限公司,91110108MAC168WJ3A,2024
454,北京绿钒新能源科技有限公司,91110400MAC2Y1EH7U,2024
455,国苗信科（北京）科技有限公司,91110108MA01WCR31G,2024
456,北京见一科技有限公司,91110105MA00DTMW9F,2024
457,北京长聚科技有限公司,91110105MA7LNJAW13,2024
458,北京青笠科技有限公司,91110116MA01BYLUXL,2024
459,北京博岳新相生物科技有限公司,91110108MA7GN0M18A,2024
460,北京智慧晨曦健康科技有限公司,91222401MABX3Q3C1C,2024
461,北京跳悦智能科技有限公司,91110108MA04BMQ815,2024
462,北京循原科技有限公司,91110114MAC7P53UX9,2024
463,北京慧萌信安软件技术有限公司,91110114571219444F,2024
464,中创宏远（北京）环保科技有限公司,9111030269327074X5,2024
465,北京齐岳神州科技有限公司,91110108MA001CDH7R,2024
466,法之声（北京）网络科技有限公司,91110108MA01EWG38A,2024
467,北京天卓视创科技有限公司,9111010859602044XU,2024
468,北京鸿庄医疗器械科技有限公司,91110108MA00ABYAXM,2024
469,北京泰普锐拓科技有限公司,91110115MA00E4C78U,2024
470,北京诺道认知医学科技有限公司,91110108MA00C6F044,2024
471,北京春仑石油技术开发有限公司,91110114760149959F,2024
472,北京润裕格科技发展有限公司,91110115558564024N,2024
473,北京铁牛科技有限公司,91110108351290361Y,2024
474,泰普赛因（北京）生物信息技术有限公司,91110106685109227L,2024
475,鸿一盈创（北京）科技有限公司,91110115MABNR7GA8D,2024
476,雷科汇能（北京）科技有限公司,91110108MA01N1BT31,2024
477,北京东龙网络技术有限公司,911101083443181196,2024
478,漫谷科技股份公司,91110105MA019YHM8Y,2024
479,北京科瑞乐航空油料设备有限公司,91110113744708167C,2024
480,北京昌意科技有限公司,91110112MA01JP9070,2024
481,北京多乐清能科技有限公司,91110108MABWEDP4XH,2024
482,北京国信未来仪器有限公司,91110114MA01XM5699,2024
483,北京栖云通航科技有限公司,91110111MA01G0AH86,2024
484,北京小西牛等保软件有限公司,91110108MABTGAJ84G,2024
485,北京简辑科技有限公司,91110114MABTN6G901,2024
486,北京岷德生物科技有限公司,91110107MA021BCK4C,2024
487,清氢（北京）科技有限公司,91110116MA01WM475D,2024
488,北京易美创研科技有限公司,91110302MA01N5EKXU,2024
489,北京天下先智创机器人技术有限责任公司,91110400MA7KCCCTXY,2024
490,氢山科技有限公司,91110111MA01RJ787G,2024
491,北京易美新创科技有限公司,91110302MA01GE7LXP,2024
492,金桥管家（北京）信息技术服务有限公司,91110106MA04B4WPXA,2024
493,北京万智千鸿科技有限公司,91110108MA0046347F,2024
494,北京华科恒润智能科技有限公司,91110108MA00H79C4C,2024
495,北京博瑞先进科技有限公司,91110112MAC73L4H3Q,2024
496,北京磁浮有限公司,91110108MA00BB2T7T,2024
497,北京合享智星数据科技有限公司,91110108MA0205790L,2024
498,北京折叠未来科技有限公司,91110108MA00FH3399,2024
499,北京新希望科技发展有限公司,91110114MA04DB7P0X,2024
500,北京华荣信宁科技有限公司,91110116MA004BRD7C,2024
501,北京翠鸟智擎科技有限公司,91110108MA01HYWM7K,2024
502,赛存（北京）生物科技有限公司,91110108MABMWUY0XL,2024
503,北京泽宇高科智能科技有限公司,91110108MAC892A63M,2024
504,通航未来（北京）航空技术发展集团有限公司,91110117MA00E4TU4G,2024
505,北京中矿澳科技术有限公司,91110105MA01XJJP5H,2024
506,北京中研智创新技术研究院有限公司,91110108MA02MCLX5P,2024
507,北京铱氪技术发展有限责任公司,91110108MACDFQP45X,2024
508,利得环境科技（北京）有限公司,91110105MA003PUB27,2024
509,北京爱科农科技有限公司,91110105MA005MY435,2024
510,北京百特智联科技有限公司,91110105MA01MKAL8K,2024
511,北京普利得生物科技有限公司,91110113099649175L,2024
512,昕传生物科技（北京）有限公司,91110400MA04FYUX67,2024
513,北京华物科技有限公司,91110108MA020FEL00,2024
514,合力众包（北京）创业投资管理有限公司,9111030268120071XD,2024
515,北京清源伟业生物组织工程科技有限公司,911101088020931655,2024
516,北京宏业汇成科技有限公司,91110113MA01LM5H3X,2024
517,北京沃创易文化有限公司,91110105579014371T,2024
518,禾生创源（北京）生物技术有限公司,91110114MACH629180,2024
519,北京利君成数字科技有限公司,91110108092422314W,2024
520,北京酒域灵境科技有限公司,91110105MA7H0XQY9T,2024
521,贰柒玖数字科技（北京）有限公司,91110106MA020BRU6E,2024
522,北京思达流体科技有限公司,91110114MA04BLPN5Q,2024
523,飞元时代（北京）信息科技有限公司,91110113MA7J41J7XQ,2024
524,北京禾电科技有限责任公司,91110108MABU45FF8L,2024
525,北京清博汇能医药科技有限公司,91110114MA7DUGJU53,2024
526,北京中领细胞培养技术有限公司,91110105MA04FP8H0J,2024
527,北京航锐拓宇科技有限公司,911101156995804664,2024
528,百川智通（北京）科技有限公司,91110114MA01J9C7X4,2024
529,北京天元智创科技有限公司,91110302MA01J6KW7M,2024
530,蓝点触控（北京）科技有限公司,91110108MA01JACN3L,2024
531,北京中科锦智数字技术有限公司,91110115MA7JP17R16,2024
532,北京华文信通科技有限公司,91110108327126350C,2024
533,加一时代（北京）文化产业有限公司,91110105MA01D7KK94,2024
534,明丹医疗科技有限公司,91110102MA02A62616,2024
535,北京天洲璀璨科技文化有限公司,91110102MA7D2MAB6E,2024
536,亲子猫（北京）国际教育科技有限公司,91110108330323152D,2024
537,北京东方坦达科技有限公司,91110108762999594F,2024
538,思客云（北京）软件技术有限公司,91110108MA003YNL48,2024
539,北京惠能达科技有限公司,91110105593864428B,2024
540,北京至格科技有限公司,91110229MA01L7WH4R,2024
541,北京天帷网络安全技术有限公司,91110112MACBRB7948,2024
542,北检润和（北京）技术服务有限公司,91110115MA01841253,2024
543,北京驱光科技有限公司,91110108MA04EDCH8D,2024
544,中矿定位（北京）技术有限责任公司,91110108MA01JPWJ9U,2024
545,北京摩纳科技有限责任公司,911102285531376642,2024
546,北京佳烁科技有限公司,91110102MA01TEBG53,2024
547,北京时代凌云智测科技有限公司,91110108MAC5YWUA9K,2024
548,北京行至信远科技有限公司,91110108MA7H60DK4R,2024
549,绿能生态环境科技有限公司,9111010869230045XP,2024
550,北京智象未来科技有限公司,91110108MAC9RN3G7K,2024
551,北京纳析光电科技有限公司,91110108MA028HCPXX,2024
552,北京轻松致远科技有限责任公司,91110105MA00AW420F,2024
553,北京心力善美科技有限公司,91110108MA04ERQQ9J,2024
554,联农创世（北京）农业科技有限公司,91110107MA01962KX8,2024
555,北京利智启源教育科技有限责任公司,91110108MA01J5MG6N,2024
556,北京爱特瑞科软件开发有限责任公司,91110106MA7MB0WDXA,2024
557,北京博道焦点科技有限公司,91110108563654243T,2024
558,懋煜（北京）医疗科技有限公司,91110400MA04EGH5X0,2024
559,北京中电云华信息技术有限公司,91110105573188899J,2024
560,北京泰立鑫科技有限公司,911101080924266060,2024
561,北京人人出彩科技有限公司,91110108MA0178KG6U,2024
562,档档（北京）数字技术有限公司,91110400MA04DJYBXN,2024
563,北京万思医疗器械有限公司,91110400MACA97JR8B,2024
564,北京云和桥科技有限公司,91110108MA01UP528B,2024
565,美拍拍（北京）智能科技有限公司,91110108348320005R,2024
566,中资检验认证有限公司,91110108MA02ARP65R,2024
567,北京华龙数字科技有限公司,91110107MA01KA7178,2024
568,北京峥研软件有限责任公司,91110108MABY3FMX54,2024
569,北京银杉致远数字科技有限公司,91110114MABQ6ET499,2024
570,中检弘润（北京）医疗科技有限公司,91110113MA01UF0F5G,2024
571,晓雨（北京）科技有限公司,91110108MA00GY592T,2024
572,迪威博众（北京）科技有限公司,91110108348301357X,2024
573,中路高科（北京）公路技术有限公司,91110108717718319M,2024
574,北京益思和科技有限公司,91110106051430959G,2024
575,北京浩朗智能科技有限公司,9111010506734609XQ,2024
576,北京商驿科技有限公司,91110107MABUW1TX6R,2024
577,北京苍链科技有限公司,91110108MA00C3MP5B,2024
578,中网动力（北京）科技发展有限公司,91110105779528908K,2024
579,北京蓝威技术有限公司,91110108327143820F,2024
580,中关村人居环境工程与材料研究院,521100000695552232,2024
581,讯兔科技（北京）有限公司,91110116MA04D7XA2K,2024
582,北京天意君泰科技有限公司,91110228MA01BLKR3M,2024
583,北京京能数字科技有限公司,91110108633653685R,2024
584,北京小眼探索科技有限公司,91110108MA01ABLJ11,2024
585,北京汉医健康科技有限公司,91110108MA7M3F6D12,2024
586,北京弘光向尚科技有限公司,91110113MA01PUND9F,2024
587,蓝天使机场管理（北京）股份有限公司,91110113MA01MYTK9J,2024
588,积微远惠（北京）科技有限公司,91110118MA04E04J8J,2024
589,北京点聚利合科技有限公司,91110105MABRF0978T,2024
590,北京七鑫易维信息技术有限公司,91110105685787271P,2024
591,北京抖推科技有限公司,91110114587690724W,2024
592,北京崇迅科技有限公司,91110112MA01XY9D4U,2024
593,新锐志军融（北京）科技有限公司,91110107306643076X,2024
594,北京望实智慧科技有限公司,91110108MA01ELC08N,2024
595,数翊科技（北京）有限公司,91110108MABXDT4H15,2024
596,北京天思英弘信息技术有限公司,911101085620778517,2024
597,京科智远（北京）科技有限公司,91110108MA01Q4XC9G,2024
598,北京质能芯科技有限公司,91110105MA7L5KGN0F,2024
599,北京中科三维科技有限公司,911101063303604479,2024
600,北京创能惠通科技有限公司,91110400MA7N91W14K,2024
601,智维精准（北京）医疗科技有限公司,91110400MAC27MND11,2024
602,科诺泰博（北京）科技有限公司,91110108MA7JPHQC3Y,2024
603,云慧创想（北京）科技有限公司,91110114MAC4D3UL49,2024
604,华溯科技（北京）有限公司,91110106MA01KC7Y2N,2024
605,北京糖护科技有限公司,91110108074130414C,2024
606,北京锐我活力科技有限公司,91110107MAC74UC641,2024
607,嘉延（北京）环境科技有限公司,911101080966538573,2024
608,北京中航测控科技有限公司,91110106098697298K,2024
609,北京浩德天工新材料科技有限公司,91110107MA01W4JB42,2024
610,北京龙旗瑞谱科技有限公司,91110302592356034U,2024
611,北京创视联众科技有限公司,91110109MA018BNX8C,2024
612,北京国科九曜科技有限公司,91110108MAC7LPGU5X,2024
613,卡尔卡特（北京）科技有限公司,911101063303705818,2024
614,北京亿东信息科技有限公司,91110108080484761X,2024
615,北京铭毅智造科技有限公司,91110113MABX948N6R,2024
616,北京久农科技有限公司,91110106MA7KAX6T8E,2024
617,北京万马科技有限公司,91110108697711629A,2024
618,迪希埃（北京）半导体技术有限公司,91110113MA01QC58X3,2024
619,百世诺（北京）医疗科技有限公司,91110114069556402W,2024
620,北京阿尔法风控科技有限公司,91110108MA01AGE13P,2024
621,飞算清联智数科技（北京）有限公司,91110108MABTER0G4F,2024
622,装备智能计算芯片及系统应用北京市工程研究中心有限公司,91110108MA7GWFK909,2024
623,北京天工俊联传感器有限公司,91110101663120476P,2024
624,北京石境科技有限公司,91110113MACAECKB4C,2024
625,北京企名科技有限公司,91320105MA2604DH9G,2024
626,北京欧百拓信息科技发展有限公司,91110101335563905W,2024
627,北京聚树生物科技有限公司,91110114MABQYFF10W,2024
628,北京树行途生态教育科技有限公司,91110105MA009PYU6K,2024
629,北京免疫方舟医药科技有限公司,91110108MA00EKGT7B,2024
630,北京苗林宝林业科技有限公司,91110114MA004QTQ7E,2024
631,北京世盈合众数字技术有限公司,91110114MA00BD9180,2024
632,云翼超算（北京）软件科技有限公司,91110105MA0059PD43,2024
633,北京中企慧云科技有限公司,91110108MAC28KC64P,2024
634,国研大数据研究院有限公司,91110101MA01T58U61,2024
635,奇悦代码（北京）科技有限公司,91110116MABPW5YP97,2024
636,做实事科技服务（北京）有限公司,91110108MA001A7UXP,2024
637,北京保利微芯科技有限公司,91110113MA01LUHJ8X,2024
638,北京成功领行汽车技术有限责任公司,91110105MA01L7GL5X,2024
639,华芯威半导体科技（北京）有限责任公司,91110302MA01LR006J,2024
640,北京宾理信息科技有限公司,91110105MA04BK2LXH,2024
641,华泽中熙（北京）科技发展有限公司,911101055712629364,2024
642,巨鹏生物科技有限公司,91110105MA01B3GE2U,2024
643,北京晟岳永动教育科技有限公司,91110115MA01QT8BX9,2024
644,森丽康科技（北京）有限公司,91110106MA02A7GX4P,2024
645,山魈映画视效（北京）科技有限公司,91110117MA04GPJE1F,2024
646,北京比量科技有限公司,91110116MA01EUJL9M,2024
647,北京摩诃脉动科技有限公司,91110108MABXE4B203,2024
648,永链元（北京）数据科技有限公司,91110108MA7JF3293U,2024
649,北京极科融信信息技术有限公司,9111010835530170X3,2024
650,北京芯智达神经技术有限公司,91110114MACBMTK05G,2024
651,北京唔哩网络技术有限公司,91110105MA008M0T88,2024
652,北京科鹏医疗器械有限公司,91110109MACB1HWR5A,2024
653,卢卡（北京）智能科技有限公司,91110105MABQ986C8P,2024
654,北京修链科技有限公司,91110105MA01U6PE12,2024
655,荣烯新材（北京）科技有限公司,91110304MA7DJ2AN27,2024
656,北京鑫软图科技技术有限公司,91110108678762156P,2024
657,北京智禾富华能源技术有限公司,91110105397109257M,2024
658,北京再生生物科技研究院有限公司,91110108MA001BE87Y,2024
659,北京谱德生物科技有限公司,91110114MA02ARLD7U,2024
660,北京聚原科技有限公司,91110111MA019E2Y6Y,2024
661,北京文创思宇科技发展有限公司,9111010266754118X7,2024
662,北京普诺迪信息系统技术研发有限责任公司,9111010579596630XQ,2024
663,北京晋祺生物科技有限公司,911101150896075290,2024
664,北京华雨天成文化传播有限公司,911101066605217092,2024
665,中科易研（北京）科技有限公司,911101083516372654,2024
666,北京商联达科技有限公司,91110108MA00DKCL01,2024
667,北京天丰智慧农业科技有限公司,91110114MA7DAJPC5T,2024
668,北京天正远科技有限公司,91110105MA00CG4Q4B,2024
669,北京智魔科技有限公司,91110108MA7H0B03XX,2024
670,中科星动力（北京）科技有限公司,91110116MABMFJXY9W,2024
671,图特云图数据科技（北京）有限公司,91110105MABW1NLD4D,2024
672,北京华清起航科技有限公司,91110107MA01UWME3Q,2024
673,北京融合未来技术有限公司,91110108335430694P,2024
674,贝拉技术服务（北京）有限公司,91110114MA01NF6P7Q,2024
675,慧智平方（北京）科技有限公司,91110105MACHM7DR7K,2024
676,北京华神生电医疗科技有限公司,91110114MABTHH7K01,2024
677,北京斯麦克信息技术有限公司,911101087763953023,2024
678,北京微域医联科技有限公司,91110108MA01RYDA2H,2024
679,北京贝茵凯微电子有限公司,91110400MABP416D97,2024
680,北京智链优创科技有限公司,91110108MA01PMPW5M,2024
681,北京奥乘智能技术有限公司,91110114MA01K73J0U,2024
682,北京冠翔时代防水工程有限公司,91110109MA01EQG15G,2024
683,中显全息（北京）科技有限公司,91110107MABPHYFN9F,2024
684,碳和科技（北京）有限公司,91110400MA02M8617G,2024
685,北京华宏信达科技股份有限公司,911101066774372712,2024
686,诺灵生物医药科技（北京）有限公司,91110114MA001F409N,2024
687,北京中博长鸿科技有限公司,91110112MA7J0DGG5M,2024
688,北京智享嘉网络信息技术有限公司,91110228MA01A0AP0Y,2024
689,北京雪梦未来科技有限公司,91110101MABR7JW3XX,2024
690,华物光能（北京）技术有限公司,91110116MACKB5JQ4W,2024
691,北京索德瀚智能科技有限公司,91110108MA7GTELUXL,2024
692,北京奇妙时光科技有限公司,91110105MA003M7G92,2024
693,思威博（北京）生物科技有限公司,91110114MA01A4Q17U,2024
694,北京积木众合科技有限公司,91110101MA01RW7071,2024
695,淘数科技（北京）有限公司,91110108554804596W,2024
696,北京阅丰科技有限公司,91110108MA7H9PF91Y,2024
697,北京红云智心技术有限公司,91110107MAC788GQ53,2024
698,北京拉特激光精密仪器有限公司,91110112781706451J,2024
699,小北互娱（北京）科技有限公司,91110105MA7ECQX099,2024
700,北京信研汇智信息技术有限公司,911101085825432235,2024
701,北京东方华氢科技有限公司,91110106344268086M,2024
702,北京中氢源工程科技有限公司,911101053483669274,2024
703,瓯锟科技（北京）有限公司,91110108MAC75W5797,2024
704,北京西部世界科技有限公司,91110108MA00CR0H5W,2024
705,北京一流科技有限公司,91110108MA00AYN275,2024
706,北京诺瞳奕目医疗科技有限公司,91110115MAC3UFQA3R,2024
707,北京北启生物医药有限公司,91110114MABREXAQ4G,2024
708,北京心祐医疗科技有限公司,91110112MA04GL7D6H,2024
709,北京生涯探照灯教育科技有限公司,91110108MA01LBECXW,2024
710,北京久华信信息技术有限公司,91110108745479060M,2024
711,北京艾驰凯环保科技有限公司,91110114MA7EYRQB7M,2024
712,北京华科微数科技有限公司,91110114MABY2PBX79,2024
713,维尔泰克（北京）生物技术有限公司,91110117MA7GX1R5XL,2024
714,北京劲峰优品信息技术有限公司,91110105597696046R,2024
715,北京尼诺时空文化科技有限公司,91110111MA01EUN457,2024
716,北京伊亚创医疗科技有限公司,91110106MABM9BA77J,2024
717,北京知行同德信息科技有限公司,91110102MA00FT0H7T,2024
718,北京贝源生物医药有限公司,91110108MAC6BNQ88H,2024
719,北京京智网智慧科技发展有限公司,91110106MACKC5E561,2024
720,成器智造（北京）科技有限公司,91110400MA7H0HK92K,2024
721,北京凯思昊鹏软件工程技术有限公司,911101086337151536,2024
722,北京极智简单科技有限公司,91110109MA01RYYG50,2024
723,北京镜舟科技有限公司,91110108MA7KT68G4M,2024
724,车族网（北京）信息技术有限公司,911101083355586200,2024
725,包子信息技术（北京）有限公司,91110105MA00253M09,2024
726,除卫士环保科技（北京）有限公司,91110114MA04EWAH71,2024
727,北京数维原动教育科技有限公司,911101023354765619,2024
728,超天才技术开发（北京）有限责任公司,91110107678795644B,2024
729,北京星辰集因科技有限责任公司,91110400MA020CA728,2024
730,北京麒元信息技术有限公司,91110107MA00EG5762,2024
731,北京爱思机科技有限公司,91110108MABMDJW70H,2024
732,北京柯信医学检验实验室有限公司,91110115MABYYY7B04,2024
733,北京云动辰宇科技有限公司,91110114MA01YL0K4B,2024
734,智慧云联信息技术（北京）有限公司,91110105318396404D,2024
735,北京指点互娱科技有限公司,91110108MA00A9MT34,2024
736,北京前测科技有限公司,91110105MA7NDA1J08,2024
737,北京宠元科技有限公司,91110107MAC25TL945,2024
738,北京啸为科技有限公司,91110302MA01CBNH97,2024
739,北京中科海势科技有限公司,91110107MA009N8E4Q,2024
740,北京德睿特科技有限公司,91110108MACKRMMH31,2024
741,北京生物几何科技有限公司,91110108MABPFHLA3X,2024
742,睿镞科技（北京）有限责任公司,91110108MA01A06Q3E,2024
743,北京酷鲨科技有限公司,91110105MA00DJEY7R,2024
744,北京航宇高科氢能源科技有限公司,91110106MACGPF0T83,2024
745,北京博睿恩智能科技有限公司,91110105MA01D3W86M,2024
746,北京大田融通科技有限公司,91110108MA01FG4097,2024
747,北京诺安捷科技有限责任公司,91110112MA00A2MT4D,2024
748,宇恒数智（北京）科技有限公司,91110108MA04CN6A9Q,2024
749,北京凯辉科技有限公司,911101153066575158,2024
750,北京新锋睿视光电技术有限公司,91110106MA7EUH5B4W,2024
751,北京国科众安科技有限公司,91110108MA00EQ9X18,2024
752,中科泓能（北京）科技有限公司,91110114MA01RQY29R,2024
753,锐泰微（北京）电子科技有限公司,91110105MA0202EC1H,2024
754,北京密控科技有限公司,91110108MABN7RPC7N,2024
755,北京同创安全可信科技有限公司,91110108MACFX71N6D,2024
756,北京中科全安技术有限公司,91110108MA01BM761T,2024
757,北京博灿易安信息科技有限公司,91110114MA01GTWQ02,2024
758,聘达人（北京）科技有限公司,91110302MA00189E6K,2024
759,思瑞智导（北京）科技有限公司,91110400MA04FXX29Q,2024
760,北京晶格领域半导体有限公司,91110113MA01T1BF1M,2024
761,北京玖扬科技有限公司,91110108597748619P,2024
762,北京森妙生物科技有限公司,91110108MA01Q75T89,2024
763,北京心影随形科技有限公司,91110108MACEHKBQ10,2024
764,北京灵犀深智科技有限公司,91110114MACB6H0LXE,2024
765,文灵科技（北京）有限公司,91110114MA7HUY1Y68,2024
766,北京宝丽永昌医药科技有限公司,91110302MA01UCN005,2024
767,北京风锐科林医疗科技有限公司,91110108MA01MQGY9J,2024
768,易嘉油智能机器人有限责任公司,91110108MAC7NF3R1B,2024
769,网际信安技术（北京）有限公司,91110108306620536F,2024
770,东方强光（北京）科技有限公司,91110115672368764L,2024
771,北京量化健康科技有限公司,91110114098487354E,2024
772,北京组学生物科技有限公司,91110112MA003WDE8M,2024
773,北京裕峻汽车技术研究院有限公司,91110108MA01WED2XG,2024
774,北京中环智元科技有限责任公司,91110108MA01JYL834,2024
775,北京普为本教育科技有限公司,91110108687646974P,2024
776,北京云财信息技术有限公司,91110105355222972T,2024
777,中生康元生物科技（北京）有限公司,91110108MA01CGCJ90,2024
778,北京鹰瞳远见信息科技有限公司,91110108MABNX7QM2E,2024
779,北京悦动天成科技有限公司,91110116MA00AMPK4L,2024
780,东方启明教育科技（北京）有限公司,91110105MA018FB373,2024
781,北京昇科能源科技有限责任公司,91110229MA01LNRP12,2024
782,北京灵奥科技有限责任公司,91110108MA04EME9XB,2024
783,北京小象帮帮科技有限公司,91110108MA01T91T44,2024
784,北京晟虎科技有限公司,91110114MABXYYX56C,2024
785,北京思创祥云科技有限公司,91110112MA0040981G,2024
786,北京六合神州科技有限公司,91110106MA04H4FD6D,2024
787,北京智高能睿科技有限责任公司,91110106MABXEDFF71,2024
788,科来视通（北京）技术有限公司,911101083067805803,2024
789,北京能通未来节能科技有限公司,91110108MA04F2DU6F,2024
790,北京觅图科技有限公司,91110105MACABPL692,2024
791,北京拓灵新声科技有限公司,91110108MA04DJLQXF,2024
792,北京豪密科技有限公司,91110108MA04BPBW0B,2024
793,北京旷通科技有限责任公司,911101057861941413,2024
794,北京精测半导体装备有限公司,91110302MA01W34R75,2024
795,北京博雅智慧科技有限公司,91110108MA01FLK12L,2024
796,至诚至拙（北京）科技有限公司,91110106MA020XLL4N,2024
797,北京水木分子生物科技有限公司,91110108MACLBWML79,2024
798,云海时空（北京）科技有限公司,91110108562098716K,2024
799,今信天安（北京）科技有限公司,91110108095356922X,2024
800,北京启冠智能科技股份有限公司,91110114665643473P,2024
801,北京小墨数智科技有限公司,911101086949820285,2024
802,北京菲友驰医疗设备有限公司,911101156804611925,2024
803,北京维艾狄尔信息科技有限公司,91110105327144241E,2024
804,北京清维如风科技有限公司,91110108MAC099QN6W,2024
805,北京富亿源生物科技有限公司,91110115MA00D1GW4E,2024
806,安必视（北京）智能科技有限公司,91110113MA7K26HU91,2024
807,和和能源（北京）有限公司,91110108MA02A2CF8P,2024
808,北京慕亚管理技术有限公司,911101086717168355,2024
809,北京铭康华睿健康管理有限公司,91110115MA020H1NXL,2024
810,北京元心君盛科技有限公司,911101053442698203,2024
811,稷量数字科技（北京）有限公司,91110108MA7J47JM9D,2024
812,北京易油互联科技有限公司,91110108MA01XKWKX3,2024
813,北京多泰拓源网络科技有限公司,91110106MA008LUE3W,2024
814,北京元纽科技有限公司,91110108MABMPMHNXF,2024
815,科弛医疗科技（北京）有限公司,91110108MA01WYKE7E,2024
816,北京清谱科技有限公司,91110108318345826R,2024
817,北京智冉医疗科技有限公司,91110108MA7LATPB1K,2024
818,北京中晟数科科技有限公司,91110108MA01F1P526,2024
819,九转棱镜（北京）科技有限公司,91110112MA0058CF5N,2024
820,北京铂石空间科技有限公司,91110108MA00CEE18M,2024
821,北京夏日旭升科技有限责任公司,91110105MA0190HC3D,2024
822,北京千策良品工业设计有限公司,9111010869635405XD,2024
823,中安信创图信息科技有限公司,91110105MA01T26N8T,2024
824,北京森之高科科技有限公司,91110108MABRE5HMXF,2024
825,北京思达威云石油工程技术研究院有限公司,91110111MA020DA32R,2024
826,北京正在关怀科技有限公司,911101083065985007,2024
827,北京汉勃科技有限公司,91110105MA04GJQK9Y,2024
828,北京瑛菲网络科技有限公司,91110108MABXHQXU6D,2024
829,北京算场科技有限公司,91110108MACMLHKJ25,2024
830,华贸云（北京）科技有限公司,91110105MA7JT99X7R,2024
831,志成凌云（北京）科技有限公司,91110108558593634M,2024
832,北京联物瑞达信息技术有限公司,91110108MA0017DP92,2024
833,北京安宝科技有限公司,91110106MAC8326KXH,2024
834,光科芯图（北京）科技有限公司,91110400MABLTQFHX5,2024
835,北京市云合互联科技有限公司,91110114335445191K,2024
836,北京凌禾科技有限公司,91110108MABMP96KX7,2024
837,信义核新（北京）生物科技有限公司,91110108MA7BYXFM0N,2024
838,北京益游嘉和网络科技有限公司,91110108MA017HJF66,2024
839,北京凯禾瑞华科技有限公司,91110115666270883B,2024
840,北京星动纪元科技有限公司,91110108MACTH7TU73,2024
841,北京数音未来科技有限公司,91110108MA01G2R293,2024
842,知安云（北京）安全科技有限公司,91110106MA020E963A,2024
843,北京清瀚医疗科技有限公司,91110108MA7MG42518,2024
844,致真存储（北京）科技有限公司,91110108MA01LBE01R,2024
845,北京灵境赛博科技有限公司,91110105MABY4CW308,2024
846,北京智影技术有限公司,91110108330299981R,2024
847,北京原子回声智能科技有限公司,91110108MA7KX8PY78,2024
848,极客方舟（北京）信息技术有限公司,91110105MA7FCGLP0T,2024
849,北京普思明科技有限公司,9111011456575239XC,2024
850,北京聚智国传科技有限公司,91110113MA01E3117J,2024
851,光轮智能（北京）科技有限公司,91110114MAC73BHP4P,2024
852,北京安达信自动化科技有限公司,911101086892320465,2024
853,中科烛照（北京）科技有限公司,91110108MA01N69X79,2024
854,京大（北京）技术有限公司,911101050989081711,2024
855,北京我奥科技有限公司,91110108076555950T,2024
856,北京兰贝科技有限公司,911101145906134123,2024
857,北京新光远望光电科技有限公司,9111011608287398XC,2024
858,北京盛学成长科技有限公司,91110107569524917Q,2024
859,北京格润乾坤环境工程技术有限公司,911101056705624403,2024
860,北京大钎科技有限公司,91110108MABYHXDJ99,2024
861,安宇艾心（北京）医疗科技有限公司,91110108MABY6U5P9D,2024
862,北京零壹视界科技有限公司,91110108MABPQGBR62,2024
863,北京普赞生物技术有限公司,911101085548635109,2024
864,国源天顺科技产业集团有限公司,91110105MA00CMFLX7,2024
865,智慧流动（北京）科技有限公司,91110101MA7E5JDP9T,2024
866,企服码（北京）科技有限公司,91110112MA7HCNREXC,2024
867,北京蓝蓝信息技术有限公司,91110108MA7G854B7Q,2024
868,北京中普友通软件技术有限公司,9111010874159677XU,2024
869,北京弘易信泰科技发展有限公司,911101086876450828,2024
870,百泉聚兴（北京）科技有限公司,91110105MA01KDK69G,2024
871,北京富迪广通科技发展有限公司,911101065513976811,2024
872,北京态信智能科技有限公司,91110108MAC70Q399A,2024
873,北京神州泰岳信息安全技术有限公司,911101086963835047,2024
874,北京印石机器人科技有限公司,91110106MA7LDLFG3G,2024
875,北京雾计算科技有限公司,91110114MAC3M4GK8Q,2024
876,北京航云科创科技有限公司,91110108MA018A5B0T,2024
877,北京光蓝网络科技有限公司,91110108763507117H,2024
878,北京罗迅科技有限公司,91110108MA7EM1F94E,2024
879,北京中农蔚来科技有限公司,91110108MA021DL030,2024
880,北京掌趣无限科技有限公司,91110107MA004XGX05,2024
881,北京氢源智能科技有限公司,91110108MA04CLW74L,2024
882,北京安信易德科技有限公司,91110105MA0193T69J,2024
883,华郅（北京）技术有限公司,91110108MACRFN6M6J,2024
884,北京德利恒科技发展有限公司,91110108MA0066LU51,2024
885,北京荣智数联科技有限公司,91110114MA04BHGD52,2024
886,九井互联（北京）数字技术有限公司,91110107MA7GNMLR4A,2024
887,北京沃沃云创科技有限公司,91110108MA01R3PQ5Y,2024
888,北京卓智创联科技有限公司,91110108MABUMGJGXT,2024
889,北京句子科技有限公司,91110108MA01GRLTXK,2024
890,极限数据（北京）科技有限公司,91110108MA7D38CE0T,2024
891,朗斯顿科技（北京）有限公司,91110108MA01NNEG6Q,2024
892,北京郁林科技有限公司,91110108MA01QRNQ27,2024
893,北京链智数云科技有限公司,91110302MA01NW270P,2024
894,北京中教易智科技有限公司,91110302MA01UR9C0M,2024
895,北京爱德训科技有限公司,91110108MA7L44P27F,2024
896,北京生橙视觉科技有限公司,91110119MABXEEA80R,2024
897,北京创智信科科技股份有限公司,911101087567296513,2024
898,北京乾图科技有限公司,911101086876073852,2024
899,北京智融盛智能科技有限公司,91110108MACJ1M7575,2024
900,顺泰能源科技发展有限公司,91110105318238270A,2024
901,北京智景互联科技有限公司,91110105MA019CD02X,2024
902,北京益微生物科技有限公司,91110108MA01CKF70F,2024
903,北京量拓科技有限公司,91110108673808696Q,2024
904,中比机器人科技有限公司,91110113MACG5MGY0D,2024
905,艾瑞迈迪医疗科技（北京）有限公司,91110108MA009HDC3A,2024
906,北京睿程信息技术有限公司,911101083579218650,2024
907,北京中兵天工防务技术有限公司,91110108MA0081W074,2024
908,北京规格委外技术有限公司,91110105MA009AEY0B,2024
909,奇点森林（北京）科技有限公司,91110108MACG5KR82A,2024
910,北京如泰达新材料科技有限公司,91110108MACEXX378U,2024
911,北京橙果转话科技有限公司,91110106MAC60N1Y1X,2024
912,千一禾盛（北京）科技有限公司,91110116MA01P0CN98,2024
913,北京恩康医药有限公司,91110115MA04FB1J41,2024
914,北京蔓云文化科技有限公司,91110108MA01C4F0XM,2024
915,燧光科技（北京）有限公司,91110107MA7FE7NG6W,2024
916,北京坤元和讯技术有限公司,911101080535953439,2024
917,沉浸（北京）科技有限公司,91110105MA00593E2C,2024
918,北京格普科技有限公司,91110108MA01R0E718,2024
919,中固时代（北京）新能源科技有限公司,91110116MAC72TEW6K,2024
920,北京诺风创想科技有限公司,911102285858374700,2024
921,北京普兰德电力技术有限公司,91110105692308769A,2024
922,砼易测（北京）智能科技有限公司,91610139MA6TUW7R0X,2024
923,北京安龙脉德医学科技有限公司,91110108344386875F,2024
924,百鸟数据科技（北京）有限责任公司,91110108MA01AL1KXX,2024
925,北京宝久创艺文化科技有限公司,91110106MA7M3F7CXG,2024
926,北京中科康仑能源科技有限公司,91110115MAC97L1GXN,2024
927,北京沐桦科技有限公司,91110105MABU6CQ64Q,2024
928,慧创科仪（北京）科技有限公司,91110108MA017L8203,2024
929,北京中讯慧通科技有限公司,91110108769945003E,2024
930,全息光子（北京）科技有限公司,91110108MACH1U2H3H,2024
931,北京朗祯医药科技有限公司,91110115MA7FGF8H1T,2024
932,北京如见智能科技有限公司,91110108MA7HB9G60Q,2024
933,北京新都远景网络技术有限公司,91110112MA01P0YQ34,2024
934,北京戎恒技术发展有限公司,91110114357963029X,2024
935,中矿智控（北京）矿山设备有限公司,91130682358520123R,2024
936,北京锐科智联信息技术有限公司,91110115MA04G6EP80,2024
937,明戎（北京）科技有限公司,91110108MA04CD8Q55,2024
938,北京中航路通科技有限公司,91110108MA009GMA18,2024
939,水云计（北京）环境科技有限公司,91110106MA006KNX00,2024
940,北京中自控创新科技发展有限公司,911101058017783303,2024
941,卡瑞济（北京）生命科技有限公司,91110108MA01H57T6R,2024
942,北京深蓝航天众智科技有限公司,91110108059284589R,2024
943,天真科技（北京）有限公司,91110105348416082K,2024
944,利得膜（北京）新材料技术有限公司,91110116MA01WHQB43,2024
945,空天合一（北京）空间科技有限公司,91110108MA7JNL43XJ,2024
946,北京华云通达通信技术有限公司,91110108MA00BAK01N,2024
947,中科硒谷（北京）科技有限公司,91110112MA017EDK0E,2024
948,北京智境云创科技有限公司,91110112MA7ENY9322,2024
949,北京凌云智擎软件有限公司,91110114MA0078C62G,2024
950,北京蓝标一成科技有限公司,91110302318392200P,2024
951,北京顺详科技有限公司,91110105MA01QW8B87,2024
952,亿豪信达科技企业孵化器（北京）有限公司,91110228306455956J,2024
953,北京道仪数慧科技有限公司,91110108MA04CY5B02,2024
954,北京大古建筑技术发展有限公司,91110105802232882R,2024
955,北京炎强通信技术有限公司,91110107551354948D,2024
956,普华赛尔生物医疗科技有限公司,91110112MA01AT8B2X,2024
957,北京集易行科技有限公司,91110108MA7EW5F65H,2024
958,丰链（北京）科技有限公司,91110109MA01P7RH4U,2024
959,北京亦科诺生物科技有限公司,91110115MA00FJLB4X,2024
960,北京极动创想科技有限公司,91110105MA004X754Q,2024
961,微虎软件（北京）有限公司,911101080765958214,2024
962,北京新微科技有限公司,91110106317955964H,2024
963,北京添易生物科技有限公司,911101056757211136,2024
964,北京京东方晟视科技有限公司,91110400MACKEQWH7H,2024
965,中交瑞安（北京）交通技术有限公司,9111010831827276XE,2024
966,北京米速测控技术有限公司,91110108MA01HAUM9K,2024
967,赛德特（北京）生物工程有限公司,91110400MAC4X1TT7N,2024
968,北京佰为深科技发展有限公司,91110108MA00AU5F8F,2024
969,优台科技有限公司,91110108MA00CG7E5G,2024
970,北京为康环保科技有限公司,91110108335483040G,2024
971,北京链道科技有限公司,91110108MA00F4G36U,2024
972,北京零零易科技有限公司,91110108MA00FTL36H,2024
973,北京众森信和科技有限公司,911101075960211433,2024
974,北京凯尔科技发展有限公司,9111010870020299XG,2024
975,北京星箭雷霆科技有限公司,91110113MABWYTB43X,2024
976,北京中微盛鼎科技有限公司,91110108MA01CCEQ8H,2024
977,北京算丰征途科技有限公司,91110111MA01JXF74W,2024
978,聚华（北京）科技有限公司,91110108MA0024DX1H,2024
979,思通智控（北京）工程技术有限公司,91110105565759065F,2024
980,北京数字光芯集成电路设计有限公司,91110400MA7JAF3D81,2024
981,中商民智科技工程集团有限公司,91110102MA00AGEK8G,2024
982,北京华迈智科科技有限公司,91110106MA7MPA9F35,2024
983,北京智能通证科技有限公司,91110108MA01E4LH82,2024
984,北京月之暗面科技有限公司,91110108MACG2KBH8F,2024
985,北京旭曜建筑科技有限公司,91110108MA7FW2Y93G,2024
986,北京智享乐通科技有限公司,91110108071679911R,2024
987,德派软件（北京）有限公司,91110102671709707R,2024
988,北京奇鱼时代科技有限公司,91110108MA001QAN5E,2024
989,北京元泰能材科技有限公司,91110115MAC5U75Q0E,2024
990,北京耘数科技有限责任公司,91110108MA01ATGX38,2024
991,北京锐德康科技有限公司,91110108MA017869X2,2024
992,北京瑞威信通科技有限公司,91110105MA009DM1XL,2024
993,新基元（北京）医药科技有限公司,91110111MA04FHAX2T,2024
994,凡博（北京）科技有限公司,91110105MA003XNK3H,2024
995,微创未来（北京）激光技术有限公司,91110108099069867A,2024
996,北京江宜科技有限公司,911101080556174115,2024
997,北京希倍动力科技有限公司,91110115MACCLYFX2L,2024
998,北京育见未来科技有限公司,91110115MA01CJ224R,2024
999,北交振安轨道科技（北京）有限公司,91110400MABQ558L4H,2024
1000,北京德科瑞医药科技有限公司,91110108791611333B,2024
1001,北京大鹄科技有限公司,911101016923273101,2024
1002,北京驱动无限科技有限公司,91110108MA7FMXEA4N,2024
1003,北京顺信互动科技有限公司,91110101399824414K,2024
1004,北京卓鸷科技有限责任公司,91110112MA01N3HL1X,2024
1005,北京汇科智控科技有限公司,91110114MA01A7K5XD,2024
1006,北京辐射未来教育科技有限公司,91110108MA01Q4350R,2024
1007,科诺美（北京）科技有限公司,91110113MA01MHDW94,2024
1008,北京面壁智能科技有限责任公司,91110108MABU8XJRXD,2024
1009,比博斯特（北京）汽车科技有限公司,91110106MACH8RMW3K,2024
1010,北京云达智造科技有限责任公司,91110400MABPHN2J3F,2024
1011,北京石云科技有限公司,91110108MA0061CL0Q,2024
1012,北京慧冕科技有限公司,91110108MABTFKQA77,2024
1013,中天智信（北京）科技有限公司,91110105MA00E8QY98,2024
1014,北京朗境创新技术有限公司,91110108MA01QF3C89,2024
1015,北京芒种星球科技有限公司,91110108MA04BHKY2M,2024
1016,斯泰勒科技（北京）有限公司,91110116571264122M,2024
1017,北京基云惠康科技有限公司,91110114397913667F,2024
1018,北京锐博智安科技有限公司,91110105MA01K2QB8F,2024
1019,中企恒达（北京）科技有限公司,91110108MA00H34T05,2024
1020,北京零一万物信息技术有限公司,91110108MACRNDC354,2024
1021,北京鼎昱晨星技术服务有限公司,91110107098524434C,2024
1022,宝得威尔（北京）科技有限公司,91110302MA001JTU4K,2024
1023,北京智明创兴科技有限公司,91110108MA04G6MX4D,2024
1024,友安盈科技（北京）有限公司,91110105MA00DDPG3X,2024
1025,中发易保（北京）数字科技有限公司,91110105MA7G6XR5XG,2024
1026,北京齐乐无穷文化科技有限公司,91110105MA004Y87X5,2024
1027,北京多屏未来科技有限公司,91110107MABNNJ6R4D,2024
1028,北京萌友智能科技有限公司,91110107MA7JB49N3T,2024
1029,北京凯瑞科祺医疗科技有限公司,91110400MA7MRH5L7T,2024
1030,北京和信金谷科技有限公司,911101170804702559,2024
1031,北京锘崴信息科技有限公司,91110108MA04H3LN3F,2024
1032,北京南天智联软件有限公司,91110108MAD3EQBX0Q,2024
1033,北京爱车无限网络科技有限公司,91110112MA04EKAT2W,2024
1034,北京仙游计算机技术有限公司,91110108MAC2F32N1Q,2024
1035,北京车兄弟科技发展有限公司,91110112MAC2FPUF42,2024
1036,北京百赛盛科技有限公司,91110111MA00B0T87B,2024
1037,北京茂潋育林科技有限公司,91110105MA01JYJ56K,2024
1038,北京小雨智造科技有限公司,91110108MAC685XQ40,2024
1039,嘉禾聚能（北京）科技有限公司,91110109MA7L78G86D,2024
1040,北京柚果科技有限公司,91110108MA01W4QM9C,2024
1041,北京木牛一心机器人科技有限公司,91110108MACQE2W085,2024
1042,北京谷好科技有限公司,91110102MA7KTKTT27,2024
1043,戎易商智（北京）科技有限公司,91110101592388415G,2024
1044,北京尼克耐特计算机科技有限责任公司,911101027715694220,2024
1045,北京华测试验仪器有限公司,91110108592373782Q,2024
1046,北京弘治锐龙教育科技有限公司,91110108MA00623H33,2024
1047,鸿基骏业环保科技有限公司,91110105MA01B0PR8U,2024
1048,北京慧建科技有限公司,91110106MA0022H87R,2024
1049,北京科翰龙半导体装备科技有限公司,91110400MA04BAUT6L,2024
1050,北京京都薇薇生物科技有限公司,91110108600376386G,2024
1051,北京安堡安全科技有限公司,91110106MACGU75G9D,2024
1052,北京梅斯质谱生物科技有限责任公司,91110115MA01C2XL0M,2024
1053,北京麦孚医学科技有限公司,91110105MA01MRNR9B,2024
1054,北京经观起行数字科技有限公司,91110108MA01YJUJ16,2024
1055,北京理工华汇智能科技有限公司,911101083579322497,2024
1056,北京中科空灵信息科技有限公司,91110116MA020MC993,2024
1057,北京金诺辉腾电力科技有限公司,91110106MA0016JQ2M,2024
1058,塑贸网互联网信息服务有限公司,91110304MA0083Y726,2024
1059,电科睿视技术（北京）有限公司,91110105MA01J2N54R,2024
1060,北京万旺科技有限公司,91110400MA02A62R3J,2024
1061,北京人次方科技有限公司,91110108MA00B6HH0W,2024
1062,北京中外链科技有限公司,91110105MA01GYD6X0,2024
1063,艾思力克（北京）科技有限公司,91110302MA01QDEF7W,2024
1064,纳克微束（北京）有限公司,91110400MABTQH8D9Q,2024
1065,北京航科京工科技有限责任公司,91110111MA7LTNH32M,2024
1066,北京商友软件有限公司,91110108783955718D,2024
1067,北京太蓝新能源有限公司,91110113MAC7TFR57C,2024
1068,京诚众信（北京）科技有限公司,91110108MA00A38X0Q,2024
1069,北京七辰兴航空科技集团有限公司,91110115MA01W15R80,2024
1070,北京西天取经科技有限公司,911101083443980833,2024
1071,中益优融（北京）科技有限公司,91110119MABRH16H4P,2024
1072,北京中鑫宇科技有限公司,91110117MAC2CGG36U,2024
1073,北京柠檬曲奇科技有限公司,91110102MA04D97B0N,2024
1074,北京中企导航科技有限公司,91110109750129823B,2024
1075,北京临场感科技有限公司,91110108MABLJKUY38,2024
1076,北京一起成行科技有限公司,91110108MA7G589K4J,2024
1077,禾金正生物科技（北京）股份有限公司,91110302MA007F1Y05,2024
1078,北京可橙科技发展有限公司,91110105MA00E64U09,2024
1079,北京建元利得科技有限公司,91110106MA7KA38CXG,2024
1080,诺亚心舟（北京）健康科技有限公司,91110105MA004K5R60,2024
1081,北京天机数测数据科技有限公司,91110105MA006G361B,2024
1082,北京邦腾生物科技有限公司,91110114MA7ERFHP3Y,2024
1083,易达医（北京）健康科技有限公司,91110105MA01MQMA03,2024
1084,大工星派仿真科技（北京）有限公司,91110108MA04FD7452,2024
1085,北京飞搜科技有限公司,91110108344321449F,2024
1086,北京禾城云天信息科技有限公司,91110116MA018RM13K,2024
1087,北京微点科学技术有限公司,91110106MA04CRLJ99,2024
1088,北京数医脊微科技有限公司,91110108MA01QC2A7Q,2024
1089,北京同博网络技术有限公司,911101053355252126,2024
1090,北京慧普时代数字科技有限公司,91110112MA7MF87N6K,2024
1091,北京量子互娱网络科技有限公司,91110105MA7E7UN924,2024
1092,北京众信科源科技有限公司,91110108306766287K,2024
1093,北京慧铭佳科技有限公司,91110102064911997X,2024
1094,北京赛博成行网络技术有限公司,91110108MABMMB4Y0C,2024
1095,北京安信信通科技有限公司,91110111MA01LGL699,2024
1096,财智未来（北京）教育科技有限公司,91110108MA01PMA831,2024
1097,北京立天科技有限公司,91110108069603133J,2024
1098,北京软通恒达科技有限公司,91110108590619929U,2024
1099,北京医月科技有限公司,91110108MA0183AA53,2024
1100,秘易智强网络科技（北京）有限公司,91110108675724680H,2024
1101,智特克（北京）科技有限公司,91110114MABYNX4K2X,2024
1102,北京七山创智科技有限公司,91110108MA0204YR76,2024
1103,北京百川互动科技有限公司,91110106751341391M,2024
1104,北京酷吉乐科技有限公司,91110108MA7MDKT42P,2024
1105,北京友数聚科技有限公司,91110108MA01GNFG4R,2024
1106,北京中科视维文化科技有限公司,91110108344362646P,2024
1107,北京易师考教育科技有限公司,91110108MA01AYQA2U,2024
1108,天驱科技（北京）有限公司,91110111MA01UDKP9M,2024
1109,北京银河通用机器人有限公司,91110108MACJ3J0D0R,2024
1110,北京游芯网络科技有限公司,91110114MABUFUAU7B,2024
1111,北京铁木牛智能机器科技有限公司,91110108674282016P,2024
1112,慧动星球（北京）科技有限公司,91110400MA7GTYD245,2024
1113,北京壹柒壹捌科技有限公司,91110106MA04DGRJ2N,2024
1114,北方大贤风电科技（北京）有限公司,91110108569489613R,2024
1115,北京引航智能科技发展有限公司,91110114MA04C0RJ31,2024
1116,北京橘丸科技有限公司,91110114MA04GJBY8E,2024
1117,华风象辑（北京）气象科技有限公司,91110114355264064B,2024
1118,东瑞电科（北京）科技有限公司,91110228MA001MDY30,2024
1119,北京西太科技有限公司,9111010808967377XK,2024
1120,北京领新博瑞生物科技有限公司,91110400MABX8CJR59,2024
1121,北京清智元视科技有限公司,91110116MAC6P72U8B,2024
1122,北京博远精准医疗科技有限公司,91110105MA008N8JXM,2024
1123,捷赛厨电（北京）科技有限公司,91110109757723446F,2024
1124,北京游逗科技有限公司,91110114MA0194CP9W,2024
1125,贰佰号科技（北京）有限公司,91110102MA01LY0R66,2024
1126,北京永泰瑞科生物科技有限公司,91110302MA01CQ3X33,2024
1127,北京逯博士行为医学科技研究院有限公司,91110114MA004BGQ3B,2024
1128,墨宇宙（北京）科技有限公司,91110106MA7NF98LXJ,2024
1129,北京知风雨气象科技有限公司,91110304MA01DAKF68,2024
1130,北京东鸿致远医疗科技有限公司,91110115MA0177T34W,2024
1131,北京基因启明生物科技有限公司,91110106MA002RJB29,2024
1132,北京数朗科创信息技术有限公司,91110108665612669G,2024
1133,深原质药生物科技（北京）有限公司,91110114MA7LBHLM92,2024
1134,青一众合（北京）科技有限公司,91110108MA01DL719N,2024
1135,北京希济生物科技有限公司,91110115MA7GULXD1R,2024
1136,北京江博环境科技有限公司,91110112MA0032TG49,2024
1137,金蚂蚁数智（北京）科技有限公司,91110108MA01NCUB78,2024
1138,北京网来天下医疗科技有限责任公司,91110113078552681X,2024
1139,植然天成（北京）生物科技有限公司,91110117MA02A6RYX0,2024
1140,飞客工场科技（北京）有限公司,91110400MA7HLRHT94,2024
1141,北京魔微科技有限公司,91110105MA02A3JF5C,2024
1142,京智测维（北京）技术有限公司,91110112MA01PD3X9G,2024
1143,寓信（北京）网络科技有限公司,91110108MA01HW7C0Y,2024
1144,北京华盛互联科技有限公司,91110105MA01MFJY8E,2024
1145,北京盛谦智能科技有限公司,91110114592323275K,2024
1146,北京摄星科技有限公司,91110108MA01E9TC1D,2024
1147,北京艾佰瑞生物技术有限公司,91110114MAC5H6QWX5,2024
1148,北京和堃医药科技有限公司,91110108MABTH63367,2024
1149,北京蓝博特科技有限公司,911101153179532059,2024
1150,圆因（北京）生物科技有限公司,91110108MA02AFAE2N,2024
1151,北京博冠泰科科技有限公司,91110400MAC4AMYP8T,2024
1152,北京芯正凯骊微电子有限公司,91110108MACW1JG745,2024
1153,北京央迈科技有限公司,91110108318195602H,2024
1154,合手（北京）科技有限公司,91110108306489160K,2024
1155,中科红旗（北京）信息科技有限公司,91110108MA01GJRF1B,2024
1156,北京天工智造科技有限公司,91110108318247687K,2024
1157,北京维快光子科技有限公司,91440300MA5GEAWY6Y,2024
1158,北京铭新恒业科技有限公司,91110107MA01LA0L19,2024
1159,北京算网技术有限公司,91110108MABTL7U83R,2024
1160,飞露（北京）科技发展有限公司,91110106MAC53GCA11,2024
1161,北京翊蓝科技有限公司,91110108MAD25DLD53,2024
1162,北京原素生物医药科技有限公司,91110108MA018FXTXG,2024
1163,北京中能广联科技有限公司,91110108MA01D6JQ9P,2024
1164,北京中科安融科技有限公司,91110112MA00FHCX17,2024
1165,北京华信友航科技有限公司,91110108355222833F,2024
1166,北京和韵盛兴科技有限公司,91110105MAC0EWGN2P,2024
1167,北京中器华康科技发展有限公司,911101080573134032,2024
1168,北京乐富特科技有限公司,91110105MA00C71P22,2024
1169,北京信诺恒升科技有限公司,91110105MA017XT35F,2024
1170,北京征和科技有限公司,91110105MA008C3Y0K,2024
1171,北京佳然科技有限公司,91110115MA7M2WTTX2,2024
1172,北京迈格泰克科技有限公司,91110111MA01PLW64B,2024
1173,数安易（北京）科技有限公司,91110108MABM52LU93,2024
1174,清雁科技（北京）有限公司,91110116MAC1FCW910,2024
1175,北京中诚仁和科技有限公司,91110114318091133H,2024
1176,北京北斗教仪科技有限公司,911101083182071083,2024
1177,北京英诺威讯科技有限公司,91110108MA04GMPC5N,2024
1178,北京丰联奥睿科技有限公司,91110107580848752J,2024
1179,北京炫景瑞医药科技有限公司,91110106MA7M8FFQ2D,2024
1180,北京海炬科技有限公司,91110115MA04F6GE51,2024
1181,北京一合梦想数字科技有限公司,91110105MA00G2UE5G,2024
1182,国网城乡电力设计研究（北京）有限公司,91110302074185132M,2024
1183,森普瑞斯（北京）细胞技术有限公司,91110400MA7EAF7888,2024
1184,北京瑞医博科技有限公司,91110108MA01YK26XR,2024
1185,素坡盼特（北京）科技有限公司,91110105MA01M8H40J,2024
1186,北京博数智源人工智能科技有限公司,91110112MA01K2Y253,2024
1187,北京众迅驰科技有限公司,91110108099316389H,2024
1188,财富合生科技发展（北京）有限公司,91110106685781144B,2024
1189,北京掇月信息科技有限公司,91110102MA04CH0K6U,2024
1190,北京奥康达体育科技有限公司,91110108MA01MGC40B,2024
1191,北京旺宝宝科技有限公司,91110108778628835F,2024
1192,北京中科证联信息技术有限公司,91110114MA01EWJM2B,2024
1193,北京弹弓科技有限公司,9111010809848564XP,2024
1194,途见科技（北京）有限公司,91110108MA01PQDH7D,2024
1195,北京奇剂励成医药科技有限公司,91110400MA7GEU7X7M,2024
1196,北京瑞鹏天乘信息技术有限公司,91110108059235824M,2024
1197,北京融智优谱生物科技有限公司,91110105MA7F4AKMXK,2024
1198,北京灵境未来数据科技有限公司,91110108MA7EQWCJ3X,2024
1199,北京拓医医疗科技服务有限公司,91110105318074237Q,2024
1200,攀攀科技（北京）有限公司,91110108MA04CAUY28,2024
1201,北京华乐思教育科技有限公司,91110108674265267H,2024
1202,北京声链科技有限公司,91110108MACH9NX57L,2024
1203,北京蓝海医信科技有限公司,91110111080456584F,2024
1204,北京海创微芯科技有限公司,91110116MA01QN0F57,2024
1205,北京和腾图智科技有限公司,91110111MA00DCJU7P,2024
1206,中轻技术创新中心有限公司,91110105MA01WPNFXN,2024
1207,北京太一云科技有限公司,91110105MA004QMH90,2024
1208,北京夕阳无忧科技有限公司,91110108MA018DQL42,2024
1209,北京勤露科技有限公司,91110108MABYECWM0K,2024
1210,万物镜像（北京）计算机系统有限公司,91110108348322772X,2024
1211,北京盈析数据技术有限公司,91110116MA01WDYA6D,2024
1212,北京水木宇杰环境科技有限公司,91320102067050301L,2024
1213,北京微焓科技有限公司,91110108MA00GJC375,2024
1214,北京贝考科技有限公司,91110116MA7DYB8H76,2024
1215,北京享青上游网络科技有限公司,91310109MA1G5EQW69,2024
1216,北京崭珀科技有限公司,91110108MA006U5U90,2024
1217,北京启智新源科技有限公司,91110108MA00B7M574,2024
1218,北京天银星际科技有限责任公司,91110108MA0021P50Q,2024
1219,北京方诣生物医药有限公司,91110114MA00284B5T,2024
1220,北京华新创科信息技术有限公司,9111010630675223X1,2024
1221,北京中泽瑞华科技有限公司,91110114318337199Y,2024
1222,北京天美亿游网络科技有限公司,91110108MA01U0BNXW,2024
1223,北京金炬科技有限公司,91110108306391032C,2024
1224,北京上下文系统软件有限公司,91110108MA005GMT56,2024
1225,北京波润科技有限公司,91110114MABX71U41W,2024
1226,慕杨天选（北京）科技有限公司,91110107MABW02GE8Q,2024
1227,北京青远生态环境有限公司,91110114MA0066HR5K,2024
1228,北京墨云安全科技有限公司,91110108327292201G,2024
1229,北京未来超算科技有限公司,91110105MA001EKM86,2024
1230,鹏程飞飞（北京）信息技术有限公司,91110114MACKTRN3X3,2024
1231,北京中启赛博科技有限公司,91110107MA01QC8N16,2024
1232,北京毕恳智研光电技术有限公司,91110302MA0016WM2U,2024
1233,北京奥开信息科技有限公司,91110108357932329T,2024
1234,北京衔远有限公司,91110105MA7EXCEH30,2024
1235,视创新云（北京）科技有限公司,91110105MA0210EQ6N,2024
1236,北京甜露科技有限公司,91110108MAC2FW6D44,2024
1237,北京萃橙科技有限公司,91110105MA01FQWF77,2024
1238,北京昭运科技有限公司,91110108MA0177B64N,2024
1239,北京佰才芯展科技有限公司,91110108MA01Q48W37,2024
1240,北京汉琪琳科技有限公司,91110108MA00G6FP0E,2024
1241,北京科霖众医疗科技有限公司,911101126337365529,2024
1242,斯玛特储能技术有限公司,91110114MA04DBLQ8H,2024
1243,北京仁诚神经肿瘤生物技术工程研究中心有限公司,91110115MA7MRLUB56,2024
1244,北京嘉护在线科技发展有限公司,91110105MA7LAU1872,2024
1245,北京瑞普融创科技有限公司,91110113MA01G2JG2B,2024
1246,北京捷蓝信息技术有限公司,91110108MA01EDYG7P,2024
1247,北京思方技术开发有限公司,91110106MA00DAFA20,2024
1248,松浦信息技术（北京）有限公司,91110108MA0087J519,2024
1249,北京迪威勒普科技有限公司,91110111MABR49Q89M,2024
1250,北京恺望数据科技有限公司,91110108MA7J8XY907,2024
1251,北京中恒维科电子技术有限公司,911101150982615157,2024
1252,六虫科技（北京）有限公司,91110113MAC55EE83M,2024
1253,北京斯博瑞特精密机械有限公司,91110115681970546N,2024
1254,福根融创（北京）科技有限公司,91110108MACJB16T4Q,2024
1255,北京同有飞骥科技股份有限公司,911100007001499141,2024
1256,北京昂飞科技有限公司,911101083483767898,2024
1257,中奥汇成科技股份有限公司,91110302792111242G,2024
1258,北京捷通华声科技股份有限公司,91110108723968939Y,2024
1259,北京麟卓信息科技有限公司,91110105MA018B36X0,2024
1260,北京聚力维度科技有限公司,91110105MA0065YC81,2024
1261,北京中航通用科技有限公司,91110108MA0068GT08,2024
1262,北京智谱华章科技有限公司,91110108MA01KP2T5U,2024
1263,北京通嘉宏瑞科技有限公司,91110302MA01LMXL4Q,2024
1264,北京清微智能科技有限公司,91110108MA01DPC38P,2024
1265,航源光热（北京）科技有限公司,91110114MAD9YEJG48,2024
1266,北京西彦科技有限公司,91110114MADG7JR15G,2024
1267,艾赛普（北京）生物科技有限公司,91110114MACKQDT5XM,2024
1268,新源智储能源发展（北京）有限公司,91110108MA04CEEU9X,2024
1269,北京中科鸿泰医疗科技有限公司,91110108MA01GC219P,2024
1270,致晶科技（北京）有限公司,91110108MA006TWX2P,2024
1271,北京微纳星空科技股份有限公司,91110108MA00GUD41A,2024
1272,原粒(北京)半导体技术有限公司,91110105MACERFG019,2024
1273,北京迅连智能科技有限公司,91110107MAD25HU23P,2024
1274,北京可靠之能科技有限公司,91110105MADGCMMB00,2024
1275,北京君清洲源科技有限公司,91110107MADNNFW28M,2024
1276,北京恒聚东方科技有限公司,91110108MADBDRWA0R,2024
1277,北京中科美安科技有限公司,91110108MAC5XL318D,2024
1278,北京中源创能工程技术有限公司,91110108553056274X,2024
1279,北京碳和新材未来科技有限公司,91110113MACWYMJR5K,2024
1280,北京派和科技股份有限公司,91110108094566848K,2024
1281,北京万思医疗科技有限公司,91110115MA04FNYF42,2024
1282,北京星油科技有限公司,91110302MA002TB901,2024
1283,北京炎黄国芯科技有限公司,91110108MA00968A5J,2024
1284,北京主线科技有限公司,91110108MA00CMBH12,2024
1285,中智科仪（北京）科技有限公司,91110114MA0046QG16,2024
1286,泰科天润半导体科技（北京）有限公司,911101085731718351,2024
1287,北京奥达智声医疗科技有限公司,91110108MA02M49E1K,2024
1288,北京大北农生物技术有限公司,9111010859064653XM,2024
1289,北京师宏药业有限公司,91110108633076398Q,2024
1290,北京联芯创智科技有限公司,91110113MAC4B8KQ46,2024
1291,北京幸福益生高新技术有限公司,91110108080533965A,2024
1292,原初科技(北京)有限公司,911101083182718717,2024
1293,北京盈锐优创氢能科技有限公司,91110105MA7MYDAH3A,2024
1294,中芯热成科技(北京)有限责任公司,91110108MA020NKC7C,2024
1295,晞德求索(北京)科技有限公司,91110108MABQT4UN9E,2024
1296,华翊博奥(北京)量子科技有限公司,91110400MA7FEMXN8G,2024
1297,未来(北京)黑科技有限公司,91110302MA007GTL5F,2024
